
INSERT INTO tracks (id, artist_id, artist_name, name, url) VALUES
(1215788,	440873,	'Lyonn',	'Well Light The Sky',	'https://mp3l.jamendo.com/?trackid=1215788&format=mp31&from=app-35feaec1'),
(174271,	339884,	'Julandrew',	'Crazy As',	'https://mp3l.jamendo.com/?trackid=174271&format=mp31&from=app-35feaec1'),
(179685,	340120,	'Fluxo',	'Linhas Sonoras',	'https://mp3l.jamendo.com/?trackid=179685&format=mp31&from=app-35feaec1'),
(759883,	352184,	'Conway Hambone',	'REVOLUTION STREET',	'https://mp3l.jamendo.com/?trackid=759883&format=mp31&from=app-35feaec1'),
(559026,	359088,	'Projet Xion',	'Very shy...',	'https://mp3l.jamendo.com/?trackid=559026&format=mp31&from=app-35feaec1'),
(1450722,	495918,	'Soularis',	'Everything Is A Game',	'https://mp3l.jamendo.com/?trackid=1450722&format=mp31&from=app-35feaec1'),
(1535676,	347734,	'Heifervescent',	'Everything Under The Sun (Instrumental)',	'https://mp3l.jamendo.com/?trackid=1535676&format=mp31&from=app-35feaec1'),
(1529290,	336846,	'Dhalius',	'Asteroides',	'https://mp3l.jamendo.com/?trackid=1529290&format=mp31&from=app-35feaec1'),
(112518,	337298,	'Kostny Mozg', 'Oppenheimer',	'https://mp3l.jamendo.com/?trackid=112518&format=mp31&from=app-35feaec1'),
(1507116,	368175,	'marcello correa e castro',	'TROMBADINHA',	'https://mp3l.jamendo.com/?trackid=1507116&format=mp31&from=app-35feaec1'),
(1069429,	360766,	'Django de la Poppavati &amp; Melintus Pukstavilainen',	'Syöpynyt sydän',	'https://mp3l.jamendo.com/?trackid=1069429&format=mp31&from=app-35feaec1'),
(1099703,	437152,	'TheBlackParrot',	'Divergence (Remastered VIP)','https://mp3l.jamendo.com/?trackid=1099703&format=mp31&from=app-35feaec1'),
(623192,	361898,	'Chasing Eidolon',	'Set Me Free',	'https://mp3l.jamendo.com/?trackid=623192&format=mp31&from=app-35feaec1');

INSERT INTO genres (id, name) VALUES
(1, 'rock'),
(2, 'pop'),
(3, 'indie'),
(4, 'triphop'),
(5, 'rnb'),
(6, 'metal'),
(7, 'blues'),
(8, 'classical'),
(9, 'рок-музыка');

INSERT INTO track_genre (track_id, genre_id) VALUES
(1215788, 1),
(174271, 2),
(1215788, 3),
(179685, 4),
(179685, 1),
(1215788, 2),
(559026, 4),
(1450722, 2),
(1529290, 3),
(1450722, 4),
(1507116, 2),
(1099703, 3);



INSERT INTO playlists (id, description, name, private_access) VALUES
(1,'Сааааааааааамыыыыыыыыыыыыыый луууууучший лииииииист', 'плейлист номер 1', false ),
(2,'самый лучший лист в мире', 'плейлист номер 2', false),
(3,'оно обязательное?', 'плейлист номер 3', false),
(4,'это не очень круто :(', 'плейлист номер 4', false),
(5,'это мой 5 плейлист', 'плейлист номер 5', false),
(6,'самый лучший лист в мире', 'плейлист номер 6', false),
(7,'самый лучший лист c 1 треком', 'плейлист номер 7', true),
(8,'самый лучший лист c 1 треком', 'плейлист номер 8', false),
(9,'самый лучший лист c 1 треком', 'плейлист номер 9', false),
(10,'самый лучший лист c 1 треком', 'плейлист номер 10', true),
(11,'самый лучший лист c 1 треком', 'плейлист номер 11', false),
(12,'самый лучший лист c 1 треком', 'плейлист номер 12', false),
(13,'самый лучший лист c 1 треком', 'плейлист номер 13', false),
(14,'самый лучший лист c 1 треком', 'плейлист номер 14', false),
(15,'самый лучший лист c 1 треком', 'плейлист номер 15', false),
(16,'самый лучший лист c 1 треком', 'плейлист номер 16', false),
(17,'самый лучший лист c 1 треком', 'плейлист номер 17', false),
(18,'самый лучший лист c 1 треком', 'плейлист номер 18', false),
(19,'самый лучший лист c 1 треком', 'плейлист номер 19', false),
(20,'самый лучший лист c 1 треком', 'плейлист номер 20', false),
(21,'самый лучший лист c 1 треком', 'плейлист номер 21', false),
(22,'самый лучший лист в мире', 'плейлист номер 22', false);

INSERT INTO playlist_track (track_number_in_playlist, playlist_id, track_id) VALUES
(1, 1, 1215788),
(2, 1,112518),
(3, 1,1535676),
(1, 2,112518),
(2, 2,1215788),
(3, 2,179685),
(1, 3,174271),
(2, 3,559026),
(3, 3,179685),
(1, 4,1069429),
(2, 4,1215788),
(3, 4,1099703),
(1, 5,174271),
(2, 5,623192),
(3, 5,1215788),
(1, 6,623192),
(2, 6,559026),
(3, 6,1069429),
(1, 7,174271),
(1, 8,623192),
(1, 9,1450722),
(1, 10,1450722),
(1, 11,1535676),
(1, 12,559026),
(1, 13,1529290),
(1, 14,1450722),
(1, 15,174271),
(1, 16,112518),
(1, 17,1215788),
(1, 18,1535676),
(1, 19,1069429),
(1, 20,1099703),
(1, 21,174271),
(1, 22,179685),
(3, 22,112518),
(1, 22,623192),
(2, 22,1099703);


INSERT INTO playlist_genre (playlist_id, genre_id) VALUES
(1,1),
(1,2),
(1,3),
(1,4),
(2,2),
(2,3),
(2,4),
(3,5),
(3,6),
(3,7),
(4,1),
(4,8),
(5,9),
(5,1),
(5,2),
(5,3),
(6,6),
(6,9),
(6,3),
(6,5),
(7,7),
(7,8),
(9,9),
(9,1),
(9,3),
(9,5),
(8,2),
(8,3),
(8,4),
(8,5),
(8,6),
(8,7),
(8,8),
(8,9),
(9,8),
(10,2),
(11,2),
(12,3),
(13,4),
(14,5),
(15,6),
(16,7),
(17,8),
(18,9),
(19,1),
(20,2),
(21,2),
(21,3);